decade_from,decade_to,word,present_from,present_to,shared_anchor_vocab
1980s,1990s,poverty,True,True,3040
1980s,1990s,war,True,True,3040
1980s,1990s,propaganda,False,False,3040
1980s,1990s,surveillance,True,False,3040
1980s,1990s,occupation,True,False,3040
1980s,1990s,security,True,True,3040
1980s,1990s,freedom,True,True,3040
1980s,1990s,liberty,True,True,3040
1980s,1990s,rights,False,False,3040
1980s,1990s,justice,True,True,3040
1980s,1990s,peace,True,True,3040
1980s,1990s,prosperity,True,True,3040
1980s,1990s,inflation,True,True,3040
1980s,1990s,taxation,True,True,3040
1980s,1990s,regulation,True,True,3040
1980s,1990s,education,True,True,3040
1980s,1990s,labor,True,True,3040
1980s,1990s,welfare,True,True,3040
1980s,1990s,crisis,True,True,3040
1980s,1990s,defense,True,True,3040
1980s,1990s,terror,True,False,3040
1980s,1990s,terrorism,True,False,3040
1980s,1990s,deterrence,False,False,3040
1980s,1990s,intervention,True,True,3040
1980s,1990s,stability,True,True,3040
1980s,1990s,reform,True,True,3040
1980s,1990s,modernization,False,False,3040
1980s,1990s,transition,True,True,3040
1980s,1990s,equity,True,True,3040
1980s,1990s,opportunity,True,True,3040
1980s,1990s,resilience,False,False,3040
1980s,1990s,presence,True,True,3040
1980s,1990s,monitoring,True,False,3040
1980s,1990s,intelligence,True,True,3040
1980s,1990s,readiness,True,False,3040
1980s,1990s,initiative,True,True,3040
1980s,1990s,partnership,True,True,3040
1980s,1990s,framework,True,True,3040
1980s,1990s,engagement,False,False,3040
1980s,1990s,governance,False,False,3040
1980s,1990s,accountability,True,True,3040
1980s,1990s,transparency,False,False,3040
1980s,1990s,compliance,True,True,3040
1980s,1990s,sustainability,False,False,3040
1980s,1990s,innovation,True,False,3040
1980s,1990s,productivity,True,True,3040
1980s,1990s,efficiency,True,True,3040
1980s,1990s,competitiveness,True,False,3040
1980s,1990s,investment,True,True,3040
1980s,1990s,infrastructure,True,True,3040
1980s,1990s,healthcare,False,False,3040
1980s,1990s,insurance,True,True,3040
1980s,1990s,relief,True,True,3040
1980s,1990s,aid,True,True,3040
1980s,1990s,assistance,True,True,3040
1980s,1990s,oversight,True,True,3040
1980s,1990s,appropriation,True,True,3040
1980s,1990s,mandate,True,True,3040
1980s,1990s,authority,True,True,3040
1980s,1990s,coordination,True,False,3040
1980s,1990s,alignment,False,False,3040
1980s,1990s,strategy,True,True,3040
1980s,1990s,tactics,False,False,3040
1980s,1990s,operation,True,True,3040
1980s,1990s,mission,True,True,3040
1980s,1990s,conflict,True,True,3040
1980s,1990s,aggression,False,True,3040
1980s,1990s,threat,True,True,3040
1980s,1990s,risk,True,True,3040
1980s,1990s,stewardship,True,False,3040
1980s,1990s,capacity,True,True,3040
1980s,1990s,priorities,False,False,3040
1980s,1990s,resources,False,False,3040
1980s,1990s,benefits,False,False,3040
1980s,1990s,burden,True,True,3040
1980s,1990s,sacrifice,True,True,3040
1980s,1990s,patriotism,False,False,3040
1980s,1990s,responsibility,True,True,3040
1980s,1990s,obligation,True,True,3040
1980s,1990s,consensus,True,True,3040
1980s,1990s,bipartisan,True,True,3040
1980s,1990s,compromise,True,True,3040
1980s,1990s,unity,True,False,3040
1980s,1990s,division,True,True,3040
1980s,1990s,growth,True,True,3040
1980s,1990s,recovery,True,True,3040
1980s,1990s,austerity,False,False,3040
1980s,1990s,stimulus,False,False,3040
1980s,1990s,sovereignty,False,True,3040
1980s,1990s,diplomacy,False,False,3040
1980s,1990s,sanction,True,True,3040
1980s,1990s,civilian,True,True,3040
1980s,1990s,casualty,True,True,3040
1980s,1990s,collateral,False,False,3040
1980s,1990s,deployment,True,False,3040
1980s,1990s,withdrawal,True,True,3040
1990s,2000s,poverty,True,True,3123
1990s,2000s,war,True,True,3123
1990s,2000s,propaganda,False,False,3123
1990s,2000s,surveillance,False,True,3123
1990s,2000s,occupation,False,False,3123
1990s,2000s,security,True,True,3123
1990s,2000s,freedom,True,True,3123
1990s,2000s,liberty,True,True,3123
1990s,2000s,rights,False,False,3123
1990s,2000s,justice,True,True,3123
1990s,2000s,peace,True,True,3123
1990s,2000s,prosperity,True,True,3123
1990s,2000s,inflation,True,True,3123
1990s,2000s,taxation,True,True,3123
1990s,2000s,regulation,True,True,3123
1990s,2000s,education,True,True,3123
1990s,2000s,labor,True,True,3123
1990s,2000s,welfare,True,True,3123
1990s,2000s,crisis,True,True,3123
1990s,2000s,defense,True,True,3123
1990s,2000s,terror,False,True,3123
1990s,2000s,terrorism,False,True,3123
1990s,2000s,deterrence,False,False,3123
1990s,2000s,intervention,True,True,3123
1990s,2000s,stability,True,True,3123
1990s,2000s,reform,True,True,3123
1990s,2000s,modernization,False,True,3123
1990s,2000s,transition,True,True,3123
1990s,2000s,equity,True,True,3123
1990s,2000s,opportunity,True,True,3123
1990s,2000s,resilience,False,False,3123
1990s,2000s,presence,True,True,3123
1990s,2000s,monitoring,False,True,3123
1990s,2000s,intelligence,True,True,3123
1990s,2000s,readiness,False,True,3123
1990s,2000s,initiative,True,True,3123
1990s,2000s,partnership,True,True,3123
1990s,2000s,framework,True,True,3123
1990s,2000s,engagement,False,False,3123
1990s,2000s,governance,False,True,3123
1990s,2000s,accountability,True,True,3123
1990s,2000s,transparency,False,True,3123
1990s,2000s,compliance,True,True,3123
1990s,2000s,sustainability,False,False,3123
1990s,2000s,innovation,False,True,3123
1990s,2000s,productivity,True,True,3123
1990s,2000s,efficiency,True,True,3123
1990s,2000s,competitiveness,False,True,3123
1990s,2000s,investment,True,True,3123
1990s,2000s,infrastructure,True,True,3123
1990s,2000s,healthcare,False,True,3123
1990s,2000s,insurance,True,True,3123
1990s,2000s,relief,True,True,3123
1990s,2000s,aid,True,True,3123
1990s,2000s,assistance,True,True,3123
1990s,2000s,oversight,True,True,3123
1990s,2000s,appropriation,True,True,3123
1990s,2000s,mandate,True,True,3123
1990s,2000s,authority,True,True,3123
1990s,2000s,coordination,False,True,3123
1990s,2000s,alignment,False,False,3123
1990s,2000s,strategy,True,True,3123
1990s,2000s,tactics,False,False,3123
1990s,2000s,operation,True,True,3123
1990s,2000s,mission,True,True,3123
1990s,2000s,conflict,True,True,3123
1990s,2000s,aggression,True,False,3123
1990s,2000s,threat,True,True,3123
1990s,2000s,risk,True,True,3123
1990s,2000s,stewardship,False,True,3123
1990s,2000s,capacity,True,True,3123
1990s,2000s,priorities,False,False,3123
1990s,2000s,resources,False,False,3123
1990s,2000s,benefits,False,False,3123
1990s,2000s,burden,True,True,3123
1990s,2000s,sacrifice,True,True,3123
1990s,2000s,patriotism,False,True,3123
1990s,2000s,responsibility,True,True,3123
1990s,2000s,obligation,True,True,3123
1990s,2000s,consensus,True,True,3123
1990s,2000s,bipartisan,True,True,3123
1990s,2000s,compromise,True,True,3123
1990s,2000s,unity,False,True,3123
1990s,2000s,division,True,True,3123
1990s,2000s,growth,True,True,3123
1990s,2000s,recovery,True,True,3123
1990s,2000s,austerity,False,False,3123
1990s,2000s,stimulus,False,True,3123
1990s,2000s,sovereignty,True,False,3123
1990s,2000s,diplomacy,False,False,3123
1990s,2000s,sanction,True,True,3123
1990s,2000s,civilian,True,True,3123
1990s,2000s,casualty,True,True,3123
1990s,2000s,collateral,False,False,3123
1990s,2000s,deployment,False,True,3123
1990s,2000s,withdrawal,True,False,3123
2000s,2010s,poverty,True,True,2634
2000s,2010s,war,True,True,2634
2000s,2010s,propaganda,False,False,2634
2000s,2010s,surveillance,True,False,2634
2000s,2010s,occupation,False,True,2634
2000s,2010s,security,True,True,2634
2000s,2010s,freedom,True,True,2634
2000s,2010s,liberty,True,True,2634
2000s,2010s,rights,False,False,2634
2000s,2010s,justice,True,True,2634
2000s,2010s,peace,True,True,2634
2000s,2010s,prosperity,True,True,2634
2000s,2010s,inflation,True,True,2634
2000s,2010s,taxation,True,True,2634
2000s,2010s,regulation,True,True,2634
2000s,2010s,education,True,True,2634
2000s,2010s,labor,True,True,2634
2000s,2010s,welfare,True,True,2634
2000s,2010s,crisis,True,True,2634
2000s,2010s,defense,True,True,2634
2000s,2010s,terror,True,False,2634
2000s,2010s,terrorism,True,True,2634
2000s,2010s,deterrence,False,False,2634
2000s,2010s,intervention,True,False,2634
2000s,2010s,stability,True,True,2634
2000s,2010s,reform,True,True,2634
2000s,2010s,modernization,True,False,2634
2000s,2010s,transition,True,True,2634
2000s,2010s,equity,True,True,2634
2000s,2010s,opportunity,True,True,2634
2000s,2010s,resilience,False,False,2634
2000s,2010s,presence,True,False,2634
2000s,2010s,monitoring,True,False,2634
2000s,2010s,intelligence,True,True,2634
2000s,2010s,readiness,True,True,2634
2000s,2010s,initiative,True,True,2634
2000s,2010s,partnership,True,True,2634
2000s,2010s,framework,True,True,2634
2000s,2010s,engagement,False,False,2634
2000s,2010s,governance,True,False,2634
2000s,2010s,accountability,True,True,2634
2000s,2010s,transparency,True,True,2634
2000s,2010s,compliance,True,False,2634
2000s,2010s,sustainability,False,False,2634
2000s,2010s,innovation,True,True,2634
2000s,2010s,productivity,True,True,2634
2000s,2010s,efficiency,True,False,2634
2000s,2010s,competitiveness,True,False,2634
2000s,2010s,investment,True,True,2634
2000s,2010s,infrastructure,True,True,2634
2000s,2010s,healthcare,True,False,2634
2000s,2010s,insurance,True,True,2634
2000s,2010s,relief,True,True,2634
2000s,2010s,aid,True,True,2634
2000s,2010s,assistance,True,True,2634
2000s,2010s,oversight,True,True,2634
2000s,2010s,appropriation,True,True,2634
2000s,2010s,mandate,True,True,2634
2000s,2010s,authority,True,True,2634
2000s,2010s,coordination,True,False,2634
2000s,2010s,alignment,False,False,2634
2000s,2010s,strategy,True,True,2634
2000s,2010s,tactics,False,False,2634
2000s,2010s,operation,True,True,2634
2000s,2010s,mission,True,True,2634
2000s,2010s,conflict,True,True,2634
2000s,2010s,aggression,False,False,2634
2000s,2010s,threat,True,True,2634
2000s,2010s,risk,True,True,2634
2000s,2010s,stewardship,True,False,2634
2000s,2010s,capacity,True,True,2634
2000s,2010s,priorities,False,False,2634
2000s,2010s,resources,False,False,2634
2000s,2010s,benefits,False,False,2634
2000s,2010s,burden,True,True,2634
2000s,2010s,sacrifice,True,True,2634
2000s,2010s,patriotism,True,False,2634
2000s,2010s,responsibility,True,True,2634
2000s,2010s,obligation,True,True,2634
2000s,2010s,consensus,True,True,2634
2000s,2010s,bipartisan,True,True,2634
2000s,2010s,compromise,True,True,2634
2000s,2010s,unity,True,False,2634
2000s,2010s,division,True,True,2634
2000s,2010s,growth,True,True,2634
2000s,2010s,recovery,True,True,2634
2000s,2010s,austerity,False,False,2634
2000s,2010s,stimulus,True,True,2634
2000s,2010s,sovereignty,False,False,2634
2000s,2010s,diplomacy,False,False,2634
2000s,2010s,sanction,True,False,2634
2000s,2010s,civilian,True,True,2634
2000s,2010s,casualty,True,False,2634
2000s,2010s,collateral,False,False,2634
2000s,2010s,deployment,True,False,2634
2000s,2010s,withdrawal,False,False,2634
