speech_id,year,speaker_id,raw_text,clean_text,decade
1050000001,1997,,The Chair lays before the Senate one certificate of election to fill an unexpired term and the credentials of 33 Senators elected for 6year terms beginning on All certificates. the Chair is advised. are in the form suggested by the Senate or contain all the essential requirements of the form suggested by the Senate. If there be no objection. the reading. of the abovementioned certificates will be waived and they will be printed in full in the RECORD. The documents ordered to be printed in the RECORD are as follows:,the chair lays before the senate one certificate of election to fill an unexpired term and the credentials of 33 senators elected for 6year terms beginning on all certificates the chair is advised are in the form suggested by the senate or contain all the essential requirements of the form suggested by the senate if there be no objection the reading of the abovementioned certificates will be waived and they will be printed in full in the record the documents ordered to be printed in the record are as follows,1990s
1050000003,1997,105115011,Mr. President. first I wish to extend my Welcome and congratulations to all of the newly elected Senators. We look forward to working with you in a bipartisan way for the best interests of our country. I know that we have a few of our retiring Senators here and we want to wish them a fond adieu and the very best in the future. Senator JOHNSTON there from Louisiana needs to be careful. he might change his mind and raise his hand and try to get sworn in again. This is a magnificent occasion. and it is an honor to serve as the majority leader in this great body and to work with my friend. Senator DASCHLE. from South Dakota.,mr president first i wish to extend my welcome and congratulations to all of the newly elected senators we look forward to working with you in a bipartisan way for the best interests of our country i know that we have a few of our retiring senators here and we want to wish them a fond adieu and the very best in the future senator johnston there from louisiana needs to be careful he might change his mind and raise his hand and try to get sworn in again this is a magnificent occasion and it is an honor to serve as the majority leader in this great body and to work with my friend senator daschle from south dakota,1990s
1050000004,1997,105115011,"Mr. President. today marks the 105th time since 1789 that newly elected Senators have stood before this bodys Presiding Officer at the start of a new Congress to pledge their support for the Constitution of the United States. I would like to take advantage of this special event in the life of each new Congress to comment briefly about the origins of the oath we take. There is a good deal of confusion about the oath and its origin. Some believe that the Constitution prescribes its specific text and that all Senators since 1789 have taken and signed the oath in the form that we know today. Neither is true. While the Constitution specifies a separate oath for the President. it leaves to Congress the responsibility of preparing an oath for its Members and all other Federal officeholders. The Oath Act of June 1. 1789. was the first legislation passed by the Senate and the first law signed by President George Washington. It prescribed the following simple oath: ""I - do solemnly swear (or affirm) that I will support the Constitution of the United States."" On June 4. 1789. Senate President John Adams administered that new oath to all Senators. setting a pattern that future Presiding Officers followed. without controversy. for the next 74 years. The outbreak of the War Between the States quickly transformed the act of oathtaking. which had become a routine procedure after 1789. into one of enormous significance. At a time ofuncertain and shifting loyalties. President Abraham Lincoln ordered all Federal civilian personnel to retake the prewar oath of allegiance. When Congress convened for a brief emergency session in the summer of 1861. Members supplemented the Presidents action by passing a law requiring civil officers to take an expanded oath in support of the Union. Although Congress did not then apply this August 1861 oath to its own Members. its text is the earliest direct predecessor of the oath we take today. When Congress returned for its regulax session in December 1861. Members who believed that the Union had more to fear from northern traitors than from southern soldiers fundamentally revised the August 1861 statute in July 1862 by adding an ""Ironclad Test Oath"" provision. This warinspired test oath required civil servants and military offlcers to swear not only to future loyalty. as required by the existing oaths. but also to affirm that they had never previously supported hostilities against the United States. Those whofailed to take the 1862 test oath would not receive a salary. those who swore falsely would be prosecuted for perjury and forever denied Federal employment. The 1862 oaths second section incorporated a more polished and graceful rendering of the hastily drafted 1861 oath in language that is identical to the oath we take today.. Early in 1864. the Senate adopted a rule specifying that all newly elected Members must not only orally agree to the test oath. but also ""subscribe"" to it by signing a printed copy. This condition reflected a wartime practice in which military and civilian authorities required anyone wishing to do business with the Federal Government to sign a copy of the test oath. The requirement included Confederate prisoners of war seeking parole and southerners who wished to be reimbursed for goods confiscated by foraging Union troops. Our modern practice of signing the oath comes from this period. At the end of the war in 1865. the test oath stood as a formidable barrier to President Andrew Johnsons moderate reconstruction policies. designed to allow residents of the South to participate in their own government. While the President pushed for a rapid reintegration of Southern States. those in Congress who wished to impose a harsh peace insisted on the test oath. which had been created in part to prevent exConfederates from taking Federal positions. Many of the oaths drafters specifically had in mind blocking the return of one of my direct Senate predecessorsJefferson Davis. The Constitutions 14th amendment. ratified in 1868. permitted Congress to remove barriers to service by former Confederates through a twothirds vote of both Houses. Congress then enacted an oath for those in this category. allowing them to ignore the test oaths first section. regarding past loyalties. and subscribe only to its second section pledging future allegiance. That 1868 oath is identical to the one we take today. As postwar tensions eased. Congress in 1871 dropped the requirement for a twothirds vote of both Houses for former Confederates entering congressional service or government employment. For another 13 years. however. all oath takers who were not former Confederates were required to take the full test oath. In 1877. to further complicate matters. the Senate amended its rules to require that Senators take not only the 1862 or the 1868 oath. but also the original oath of 1789. Reflecting the confusion surrounding these multiple requirements. the Senates archives contain no signed oaths foe the years between 1871 and 1880. From 1880 until 1884. nearly 20 years after the wars conclusion. newly elected southern Senators who had participated in that conflict signed the 1868 oath. while all the others signed the 1862 test oath. On January 11. 1884. as part of a general revision of its rules. the Senate replaced specific references to the rules of 1862 and 1868 with the simple statement that is now Rule III of our Standing Rules: ""The oaths or affirmations required by the Constitution and prescribed by law shall be taken and sub.scribed by each Senator. in open Senate. before entering upon his duties."" Seven weeks later. bringing to a close nearly a quarter century of confusion and acrimony. the Senate repealed the 1862 test oath. From that day to this. the high solemn oath ""prescribed by law"" has been the oath of 1868.",mr president today marks the 105th time since 1789 that newly elected senators have stood before this bodys presiding officer at the start of a new congress to pledge their support for the constitution of the united states i would like to take advantage of this special event in the life of each new congress to comment briefly about the origins of the oath we take there is a good deal of confusion about the oath and its origin some believe that the constitution prescribes its specific text and that all senators since 1789 have taken and signed the oath in the form that we know today neither is true while the constitution specifies a separate oath for the president it leaves to congress the responsibility of preparing an oath for its members and all other federal officeholders the oath act of june 1 1789 was the first legislation passed by the senate and the first law signed by president george washington it prescribed the following simple oath i - do solemnly swear or affirm that i will support the constitution of the united states on june 4 1789 senate president john adams administered that new oath to all senators setting a pattern that future presiding officers followed without controversy for the next 74 years the outbreak of the war between the states quickly transformed the act of oathtaking which had become a routine procedure after 1789 into one of enormous significance at a time ofuncertain and shifting loyalties president abraham lincoln ordered all federal civilian personnel to retake the prewar oath of allegiance when congress convened for a brief emergency session in the summer of 1861 members supplemented the presidents action by passing a law requiring civil officers to take an expanded oath in support of the union although congress did not then apply this august 1861 oath to its own members its text is the earliest direct predecessor of the oath we take today when congress returned for its regulax session in december 1861 members who believed that the union had more to fear from northern traitors than from southern soldiers fundamentally revised the august 1861 statute in july 1862 by adding an ironclad test oath provision this warinspired test oath required civil servants and military offlcers to swear not only to future loyalty as required by the existing oaths but also to affirm that they had never previously supported hostilities against the united states those whofailed to take the 1862 test oath would not receive a salary those who swore falsely would be prosecuted for perjury and forever denied federal employment the 1862 oaths second section incorporated a more polished and graceful rendering of the hastily drafted 1861 oath in language that is identical to the oath we take today early in 1864 the senate adopted a rule specifying that all newly elected members must not only orally agree to the test oath but also subscribe to it by signing a printed copy this condition reflected a wartime practice in which military and civilian authorities required anyone wishing to do business with the federal government to sign a copy of the test oath the requirement included confederate prisoners of war seeking parole and southerners who wished to be reimbursed for goods confiscated by foraging union troops our modern practice of signing the oath comes from this period at the end of the war in 1865 the test oath stood as a formidable barrier to president andrew johnsons moderate reconstruction policies designed to allow residents of the south to participate in their own government while the president pushed for a rapid reintegration of southern states those in congress who wished to impose a harsh peace insisted on the test oath which had been created in part to prevent exconfederates from taking federal positions many of the oaths drafters specifically had in mind blocking the return of one of my direct senate predecessorsjefferson davis the constitutions 14th amendment ratified in 1868 permitted congress to remove barriers to service by former confederates through a twothirds vote of both houses congress then enacted an oath for those in this category allowing them to ignore the test oaths first section regarding past loyalties and subscribe only to its second section pledging future allegiance that 1868 oath is identical to the one we take today as postwar tensions eased congress in 1871 dropped the requirement for a twothirds vote of both houses for former confederates entering congressional service or government employment for another 13 years however all oath takers who were not former confederates were required to take the full test oath in 1877 to further complicate matters the senate amended its rules to require that senators take not only the 1862 or the 1868 oath but also the original oath of 1789 reflecting the confusion surrounding these multiple requirements the senates archives contain no signed oaths foe the years between 1871 and 1880 from 1880 until 1884 nearly 20 years after the wars conclusion newly elected southern senators who had participated in that conflict signed the 1868 oath while all the others signed the 1862 test oath on january 11 1884 as part of a general revision of its rules the senate replaced specific references to the rules of 1862 and 1868 with the simple statement that is now rule iii of our standing rules the oaths or affirmations required by the constitution and prescribed by law shall be taken and sub scribed by each senator in open senate before entering upon his duties seven weeks later bringing to a close nearly a quarter century of confusion and acrimony the senate repealed the 1862 test oath from that day to this the high solemn oath prescribed by law has been the oath of 1868,1990s
1050000005,1997,105115011,Mr. President. before the Chair presents the certification of election for the swearing in to begin. I would like to take a moment to speak about the seating of one of our new colleagues who will be sworn in within the next few minutes. I am referring to the seating of Senatorelect LANDRIEU. The Senate has received petitions from the citizens of the State of Louisiana contesting the election of Senatorelect,mr president before the chair presents the certification of election for the swearing in to begin i would like to take a moment to speak about the seating of one of our new colleagues who will be sworn in within the next few minutes i am referring to the seating of senatorelect landrieu the senate has received petitions from the citizens of the state of louisiana contesting the election of senatorelect,1990s
1050000007,1997,105112401,"Mr. President. let me begin by thanking the distinguished majority leader for his comments and welcoming him to the 105th Congress. as we welcome all of the newly elected Members to this prestigious body. As the Senator also noted. we have a number of former colleagues who have now reached the height of ""citizen."" and we welcome them in their new positions as well. The families are here. We all note their presence and recognize what an important day and a memorable day it is for not only the Senatorselect. but for the families as well. We begin this session with much hope and good will. And I think the remarks just made by the majority leader concerning Senator LANDfZEU are reflective of that. I would like to believe that the administration of the oath of Senatorelect LANDRIEU will not prejudice in any way the Senates constitutional power to judge the Louisiana election. Neither will the pendency of Mr. Jenkins petition diminish in any way the effect of the oath that will now be administered to Senatorelect",mr president let me begin by thanking the distinguished majority leader for his comments and welcoming him to the 105th congress as we welcome all of the newly elected members to this prestigious body as the senator also noted we have a number of former colleagues who have now reached the height of citizen and we welcome them in their new positions as well the families are here we all note their presence and recognize what an important day and a memorable day it is for not only the senatorselect but for the families as well we begin this session with much hope and good will and i think the remarks just made by the majority leader concerning senator landfzeu are reflective of that i would like to believe that the administration of the oath of senatorelect landrieu will not prejudice in any way the senates constitutional power to judge the louisiana election neither will the pendency of mr jenkins petition diminish in any way the effect of the oath that will now be administered to senatorelect,1990s
1050000033,1997,105115011,Before that is completed. Mr. President. for the information of all Senators. there are a number of traditional resolutions and unanimous consent requests that we will need to work through now. We have discussed these. and they have been cleared with the Democratic leader. There are a number of them.. It will take some time. We do not at this time anticipate any recorded vote. I wanted the Sen.ators to be aware of that. So I renew my request.,before that is completed mr president for the information of all senators there are a number of traditional resolutions and unanimous consent requests that we will need to work through now we have discussed these and they have been cleared with the democratic leader there are a number of them it will take some time we do not at this time anticipate any recorded vote i wanted the sen ators to be aware of that so i renew my request,1990s
1050000037,1997,105115011,Mr. President. in order that we may carry out the direction of this resolution. we will ask for a quorum call at this point so the Democratic leader and I can move across the Hall to the Vice Presidents office to make the traditional call. With that. I suggest the absence of a quorum.,mr president in order that we may carry out the direction of this resolution we will ask for a quorum call at this point so the democratic leader and i can move across the hall to the vice presidents office to make the traditional call with that i suggest the absence of a quorum,1990s
1050000042,1997,105115011,Mr. President. I report to the Senate that Senator DASCHLE and I have spoken to the President and have assured him that we have taken the necessary actions to swear in our Members and establish our quorum. and we are ready to do business. He said he was glad to hear that and he is ready to go to work.,mr president i report to the senate that senator daschle and i have spoken to the president and have assured him that we have taken the necessary actions to swear in our members and establish our quorum and we are ready to do business he said he was glad to hear that and he is ready to go to work,1990s
1050000058,1997,,The Senator from South Carolina. to be escorted by the majority leader. Mr. LOTT. the Democratic leader. Mr. DASCHLE. the former President pro tempore. Mr. BYRD. and the Senator from South Carolina. Mr. HOLLINGS. will present himself at the desk to take the oath of office. The President pro tempore advanced to the desk of the Vice President. the oath was administered to him by the Vice President. and he subscribed to the oath in the official oath book.,the senator from south carolina to be escorted by the majority leader mr lott the democratic leader mr daschle the former president pro tempore mr byrd and the senator from south carolina mr hollings will present himself at the desk to take the oath of office the president pro tempore advanced to the desk of the vice president the oath was administered to him by the vice president and he subscribed to the oath in the official oath book,1990s
1050000060,1997,105112401,Mr. President. on behalf of all the Members of the Democratic caucus. let me congratulate the President pro tempore on his ascension to this position once again. He has served ably in the last Congress and he has gained the respect of many new Members who did not have the opportunity to work with him in the past. I know that will be the case once more in the 105th Congress. So we join with our Republican colleagues in congratulating and wishing you well on your election and expressing the hope that we can continue to work so ably together. as you have so clearly demonstrated the ability to do in the last Congress.,mr president on behalf of all the members of the democratic caucus let me congratulate the president pro tempore on his ascension to this position once again he has served ably in the last congress and he has gained the respect of many new members who did not have the opportunity to work with him in the past i know that will be the case once more in the 105th congress so we join with our republican colleagues in congratulating and wishing you well on your election and expressing the hope that we can continue to work so ably together as you have so clearly demonstrated the ability to do in the last congress,1990s
1050000063,1997,105115011,Mr. President. I would like to congratulate the distinguished Senator from South Carolina for his reelection. Once again the people of South Carolina have shown their usual good judgment. And I also congratulate you on your being reelected as the President pro tempore. Your leadership and your determination to pass good legislation for the best interests of our country and the honorable way in which you serve as the Senator for your great State and as leader in the Senate is one for which we are all very proud and one. that as such sets an example for all of us to emulate. We congratulate you and wish you the very best in the 105th Congress. We know you will do your traditional good work.,mr president i would like to congratulate the distinguished senator from south carolina for his reelection once again the people of south carolina have shown their usual good judgment and i also congratulate you on your being reelected as the president pro tempore your leadership and your determination to pass good legislation for the best interests of our country and the honorable way in which you serve as the senator for your great state and as leader in the senate is one for which we are all very proud and one that as such sets an example for all of us to emulate we congratulate you and wish you the very best in the 105th congress we know you will do your traditional good work,1990s
1050000066,1997,105114621,"Mr. President. I thank the distinguished majority leader. For the record. and without being critical of anyone. I am sure that we have followed late precedent in notifying the House and notifying the President after the President pro tempore is elected. When the Senate first met on April 6th. 1789. after having been delayed 34 days for the lack of a quorum. the first order of business was the election of a President pro tempore. who is a constitutional officer. The Senate is required to elect a Member of the body to serve as the President pro tempore in the absence of the Vice President. When the Senate met on April 6th. 1789 there was no Vice President. There was no President. And once the President pro tempore was electedhis name was John Langdon from New Hampshirethe Senate then notified the House that it was organized and ready to count the electoral ballots. So the selection of the President pro tempore ""was first because the Senate had to have a Presiding Officer. And there was no Vice President. There was no Vice President until April 21st of 1789 when the Vice President. John Adams. took the oath of office. So I say this because sometimes we vary from precedent without thinking about it. And it escaped my notice that this was done. I think. in the last Congress when the President pro tempore was elected. But in any event. for the record. I hope that in the future we will follow the practice of the Members of the Senate of 1789. when a President pro tempore is to be elected. In the old days they elected a President pro tempore perhaps for the occasion. or one for a single day. But the practice now is that we elect a President pro tempore. who serves until another is electedhe retires. or passes on to another world. or his party loses control and a new President pro tempore is elected. or until his own term as Senator expires and he is reelected. as was the case today. I thank all Senators for their indulgence. And -especially I thank our two fine leaders. I am also very favorably impressed with both leaders. I know that they are going to do the Senate proud and do all of us proud.",mr president i thank the distinguished majority leader for the record and without being critical of anyone i am sure that we have followed late precedent in notifying the house and notifying the president after the president pro tempore is elected when the senate first met on april 6th 1789 after having been delayed 34 days for the lack of a quorum the first order of business was the election of a president pro tempore who is a constitutional officer the senate is required to elect a member of the body to serve as the president pro tempore in the absence of the vice president when the senate met on april 6th 1789 there was no vice president there was no president and once the president pro tempore was electedhis name was john langdon from new hampshirethe senate then notified the house that it was organized and ready to count the electoral ballots so the selection of the president pro tempore was first because the senate had to have a presiding officer and there was no vice president there was no vice president until april 21st of 1789 when the vice president john adams took the oath of office so i say this because sometimes we vary from precedent without thinking about it and it escaped my notice that this was done i think in the last congress when the president pro tempore was elected but in any event for the record i hope that in the future we will follow the practice of the members of the senate of 1789 when a president pro tempore is to be elected in the old days they elected a president pro tempore perhaps for the occasion or one for a single day but the practice now is that we elect a president pro tempore who serves until another is electedhe retires or passes on to another world or his party loses control and a new president pro tempore is elected or until his own term as senator expires and he is reelected as was the case today i thank all senators for their indulgence and -especially i thank our two fine leaders i am also very favorably impressed with both leaders i know that they are going to do the senate proud and do all of us proud,1990s
1050000067,1997,105115011,Mr. President. I thank the distinguished Senator from West Virginia for that information. And certainly we want to follow the precedents very closely. I will make sure that we look carefully at those and be prepared to elect a President pro tempore first the next time. Certainly. my feeling is that there is no higher honor nor greater responsibility nor greater opportunity than electing the Senator from South Carolina as the leader and as President pro tempore of the Senate. So I thank Senator BYRD for his comments.,mr president i thank the distinguished senator from west virginia for that information and certainly we want to follow the precedents very closely i will make sure that we look carefully at those and be prepared to elect a president pro tempore first the next time certainly my feeling is that there is no higher honor nor greater responsibility nor greater opportunity than electing the senator from south carolina as the leader and as president pro tempore of the senate so i thank senator byrd for his comments,1990s
1050000077,1997,105115011,Mr. President. these unanimousconsent requests are those of the standing orders--for example. the setting of leaders time each daywhich are obtained at the beginning of each Congress which govern our daytoday activities. As in the past. these consents have been cleared with the Democratic leader. Therefore. I send to the desk 11 unanimousconsent requests and ask for their immediate consideration en bloc. that the requests be agreed to en bloc. and that the various consents be shown separately in the RECORD. Mr. President. I ask unanimous consent that for the duration of the 105th Congress. the Ethics Committee be authorized to meet during the session of the Senate. Mr. President.-I ask unanimous consent that for the duration of the 105th Congress. there be a limitation of 15 minutes each upon any rollcall vote. with the warning signal to be sounded at the midway point. beginning at the last 7 minutes. and when rollcall votes are of -10minute duration. the warning signal be sounded at the beginning of the last 7 minutes. Mr. President. I ask unanimous consent that during the Congress. it be in order for the Secretary of the Senate to receive reports at the desk when presented by a Senator at any time during the day of the session of the Senate. Mr. President. I ask unanimous consent that the majority and minority leaders may daily have up to 10 minutes each on each calendar day following the prayer and- disposition of the reading of. or the approval of. the Journal. Mr. President. I ask unanimous consent that the Parliamentarian of the House of Representatives and his three assistants be given the privilege of the floor during the 105th Congress. Mr. President. I ask unanimous consent that. notwithstanding the provisions of rule XXVIII. conference reports and statements accompanying them not be printed as Senate reports when such conference reports and statements have been printed as a House report unless specific request is made in the Senate in each instance to have such a report printed. Mr. President. I ask unanimous consent that the Committee on Appropriations be authorized during the 105th Congress to file reports during adjournments or recesses of the Senate on appropriation bills. including joint resolutions. together with any accompanying notices of motions to suspend rule XVI. pursuant to rule V. for the purpose of offering certain amendments to such bills or joint resolutions. which proposes amendments shall be printed. Mr. President. I ask unanimous consent that. for the duration of the 105th Congress. the Secretary of the Senate be authorized to make technical and clerical corrections in the engrossments of all Senatepassed bills and resolutions. Senate amendments to House bills and resolutions. Senate amendments to House amendments to Senate bills and resolutions. and Senate amendments to House amendments to Senate amendments to House bills or resolutions. Mr. President. I ask unanimous consent that for the duration of the 105th Congress. when the Senate is in recess or adjournment. the Secretary of the Senate be authorized to receive messages from the President of the United States. andwith the exception of House bills. joint resolutions. and concurrent resolutions--messages from the House of Representatives. and that they be appropriately referred. and that the President of the Senate. the President pro tempore. and the Acting President pro tempore be authorized to sign duly enrolled bills and joint resolutions. Mr. President. I ask unanimous consent that for the duration of the 105th Congress. Senators be allowed to leave at the desk with the journal clerk the names of two staff members who will be granted the privilege of the floor during the consideriation of the specific matter noted. and that the Sergeant at Arms be instructed to rotate such staff members as space allows. Mr. President. I ask unanimous consent that for the duration of the 105th Congress. it be in order to refer treaties and nominations on the day when they are received from the President. even when the Senate has no executive session that day.,mr president these unanimousconsent requests are those of the standing orders--for example the setting of leaders time each daywhich are obtained at the beginning of each congress which govern our daytoday activities as in the past these consents have been cleared with the democratic leader therefore i send to the desk 11 unanimousconsent requests and ask for their immediate consideration en bloc that the requests be agreed to en bloc and that the various consents be shown separately in the record mr president i ask unanimous consent that for the duration of the 105th congress the ethics committee be authorized to meet during the session of the senate mr president -i ask unanimous consent that for the duration of the 105th congress there be a limitation of 15 minutes each upon any rollcall vote with the warning signal to be sounded at the midway point beginning at the last 7 minutes and when rollcall votes are of -10minute duration the warning signal be sounded at the beginning of the last 7 minutes mr president i ask unanimous consent that during the congress it be in order for the secretary of the senate to receive reports at the desk when presented by a senator at any time during the day of the session of the senate mr president i ask unanimous consent that the majority and minority leaders may daily have up to 10 minutes each on each calendar day following the prayer and- disposition of the reading of or the approval of the journal mr president i ask unanimous consent that the parliamentarian of the house of representatives and his three assistants be given the privilege of the floor during the 105th congress mr president i ask unanimous consent that notwithstanding the provisions of rule xxviii conference reports and statements accompanying them not be printed as senate reports when such conference reports and statements have been printed as a house report unless specific request is made in the senate in each instance to have such a report printed mr president i ask unanimous consent that the committee on appropriations be authorized during the 105th congress to file reports during adjournments or recesses of the senate on appropriation bills including joint resolutions together with any accompanying notices of motions to suspend rule xvi pursuant to rule v for the purpose of offering certain amendments to such bills or joint resolutions which proposes amendments shall be printed mr president i ask unanimous consent that for the duration of the 105th congress the secretary of the senate be authorized to make technical and clerical corrections in the engrossments of all senatepassed bills and resolutions senate amendments to house bills and resolutions senate amendments to house amendments to senate bills and resolutions and senate amendments to house amendments to senate amendments to house bills or resolutions mr president i ask unanimous consent that for the duration of the 105th congress when the senate is in recess or adjournment the secretary of the senate be authorized to receive messages from the president of the united states andwith the exception of house bills joint resolutions and concurrent resolutions--messages from the house of representatives and that they be appropriately referred and that the president of the senate the president pro tempore and the acting president pro tempore be authorized to sign duly enrolled bills and joint resolutions mr president i ask unanimous consent that for the duration of the 105th congress senators be allowed to leave at the desk with the journal clerk the names of two staff members who will be granted the privilege of the floor during the consideriation of the specific matter noted and that the sergeant at arms be instructed to rotate such staff members as space allows mr president i ask unanimous consent that for the duration of the 105th congress it be in order to refer treaties and nominations on the day when they are received from the president even when the senate has no executive session that day,1990s
